,video,trial,fly_number,genotype
1,20170228_T5_V1,5,17,315x229
2,20170228_T5_V1,5,11,335x365
3,20170228_T5_V1,5,16,360x380
4,20170228_T5_V1,5,9,387x324
5,20170228_T5_V1,5,19,786x716
6,20170228_T5_V1,5,18,852x721
7,20170228_T5_V1,5,20,136x427
8,20170228_T5_V1,5,15,208x313
9,20170228_T5_V1,5,13,237x714
10,20170228_T5_V1,5,14,306x774
11,20170228_T5_V1,5,12,235x712
12,20170228_T5_V1,5,6,307x176
13,20170228_T5_V1,5,2,378x765
14,20170228_T5_V1,5,5,637x318
15,20170228_T5_V1,5,3,732x40
16,20170228_T5_V1,5,8,801x513
17,20170228_T5_V1,5,4,855x391
18,20170228_T5_V1,5,1,57x862
19,20170228_T5_V1,5,7,59x820
20,20170228_T5_V1,5,10,153x517
21,20170228_T6_V1,6,12,335x365
22,20170228_T6_V1,6,11,360x380
23,20170228_T6_V1,6,13,387x324
24,20170228_T6_V1,6,15,786x716
25,20170228_T6_V1,6,19,852x721
26,20170228_T6_V1,6,20,136x427
27,20170228_T6_V1,6,18,208x313
28,20170228_T6_V1,6,17,237x714
29,20170228_T6_V1,6,16,306x774
30,20170228_T6_V1,6,14,315x229
31,20170228_T6_V1,6,5,307x176
32,20170228_T6_V1,6,7,378x765
33,20170228_T6_V1,6,4,637x318
34,20170228_T6_V1,6,6,732x40
35,20170228_T6_V1,6,8,801x513
36,20170228_T6_V1,6,9,855x391
37,20170228_T6_V1,6,3,57x862
38,20170228_T6_V1,6,1,59x820
39,20170228_T6_V1,6,10,153x517
40,20170228_T6_V1,6,2,235x712
41,20170301_T5_V3,5,17,315x229
42,20170301_T5_V3,5,13,335x365
43,20170301_T5_V3,5,16,360x380
44,20170301_T5_V3,5,9,387x324
45,20170301_T5_V3,5,19,786x716
46,20170301_T5_V3,5,18,852x721
47,20170301_T5_V3,5,20,136x427
48,20170301_T5_V3,5,15,208x313
49,20170301_T5_V3,5,12,237x714
50,20170301_T5_V3,5,14,306x774
51,20170301_T5_V3,5,8,235x712
52,20170301_T5_V3,5,5,307x176
53,20170301_T5_V3,5,2,378x765
54,20170301_T5_V3,5,6,637x318
55,20170301_T5_V3,5,4,732x40
56,20170301_T5_V3,5,7,801x513
57,20170301_T5_V3,5,3,855x391
58,20170301_T5_V3,5,1,57x862
59,20170301_T5_V3,5,11,59x820
60,20170301_T5_V3,5,10,153x517
61,20170314_T12_V1.5,12,17,208x313
62,20170314_T12_V1.5,12,16,237x714
63,20170314_T12_V1.5,12,20,306x774
64,20170314_T12_V1.5,12,13,315x229
65,20170314_T12_V1.5,12,19,335x365
66,20170314_T12_V1.5,12,18,360x380
67,20170314_T12_V1.5,12,15,387x324
68,20170314_T12_V1.5,12,14,786x716
69,20170314_T12_V1.5,12,12,852x721
70,20170314_T12_V1.5,12,9,136x427
71,20170314_T12_V1.5,12,6,855x391
72,20170314_T12_V1.5,12,3,57x862
73,20170314_T12_V1.5,12,2,59x820
74,20170314_T12_V1.5,12,10,153x517
75,20170314_T12_V1.5,12,11,235x712
76,20170314_T12_V1.5,12,8,307x176
77,20170314_T12_V1.5,12,7,378x765
78,20170314_T12_V1.5,12,5,637x318
79,20170314_T12_V1.5,12,4,732x40
80,20170314_T12_V1.5,12,1,801x513
81,20170314_T14_V1.5,14,20,306x774
82,20170314_T14_V1.5,14,15,315x229
83,20170314_T14_V1.5,14,13,335x365
84,20170314_T14_V1.5,14,17,360x380
85,20170314_T14_V1.5,14,16,387x324
86,20170314_T14_V1.5,14,19,786x716
87,20170314_T14_V1.5,14,14,852x721
88,20170314_T14_V1.5,14,18,136x427
89,20170314_T14_V1.5,14,10,208x313
90,20170314_T14_V1.5,14,11,237x714
91,20170314_T14_V1.5,14,5,59x820
92,20170314_T14_V1.5,14,8,153x517
93,20170314_T14_V1.5,14,7,235x712
94,20170314_T14_V1.5,14,3,307x176
95,20170314_T14_V1.5,14,9,378x765
96,20170314_T14_V1.5,14,6,637x318
97,20170314_T14_V1.5,14,12,732x40
98,20170314_T14_V1.5,14,4,801x513
99,20170314_T14_V1.5,14,2,855x391
100,20170314_T14_V1.5,14,1,57x862
101,20170315_T13_V3,13,20,237x714
102,20170315_T13_V3,13,19,306x774
103,20170315_T13_V3,13,17,315x229
104,20170315_T13_V3,13,14,335x365
105,20170315_T13_V3,13,18,360x380
106,20170315_T13_V3,13,15,387x324
107,20170315_T13_V3,13,16,786x716
108,20170315_T13_V3,13,12,852x721
109,20170315_T13_V3,13,13,136x427
110,20170315_T13_V3,13,4,208x313
111,20170315_T13_V3,13,6,57x862
112,20170315_T13_V3,13,1,59x820
113,20170315_T13_V3,13,7,153x517
114,20170315_T13_V3,13,5,235x712
115,20170315_T13_V3,13,11,307x176
116,20170315_T13_V3,13,9,378x765
117,20170315_T13_V3,13,10,637x318
118,20170315_T13_V3,13,8,732x40
119,20170315_T13_V3,13,3,801x513
120,20170315_T13_V3,13,2,855x391
121,20170315_T18_V3.5,18,18,387x324
122,20170315_T18_V3.5,18,15,786x716
123,20170315_T18_V3.5,18,16,852x721
124,20170315_T18_V3.5,18,14,136x427
125,20170315_T18_V3.5,18,17,208x313
126,20170315_T18_V3.5,18,19,237x714
127,20170315_T18_V3.5,18,20,306x774
128,20170315_T18_V3.5,18,13,315x229
129,20170315_T18_V3.5,18,10,335x365
130,20170315_T18_V3.5,18,12,360x380
131,20170315_T18_V3.5,18,6,378x765
132,20170315_T18_V3.5,18,3,637x318
133,20170315_T18_V3.5,18,5,732x40
134,20170315_T18_V3.5,18,8,801x513
135,20170315_T18_V3.5,18,11,855x391
136,20170315_T18_V3.5,18,7,57x862
137,20170315_T18_V3.5,18,2,59x820
138,20170315_T18_V3.5,18,9,153x517
139,20170315_T18_V3.5,18,4,235x712
140,20170315_T18_V3.5,18,1,307x176
141,20170321_T21_V1,21,20,136x427
142,20170321_T21_V1,21,15,208x313
143,20170321_T21_V1,21,13,237x714
144,20170321_T21_V1,21,17,306x774
145,20170321_T21_V1,21,16,315x229
146,20170321_T21_V1,21,18,335x365
147,20170321_T21_V1,21,19,360x380
148,20170321_T21_V1,21,14,387x324
149,20170321_T21_V1,21,6,786x716
150,20170321_T21_V1,21,10,852x721
151,20170321_T21_V1,21,11,732x40
152,20170321_T21_V1,21,4,801x513
153,20170321_T21_V1,21,1,855x391
154,20170321_T21_V1,21,3,57x862
155,20170321_T21_V1,21,9,59x820
156,20170321_T21_V1,21,12,153x517
157,20170321_T21_V1,21,7,235x712
158,20170321_T21_V1,21,8,307x176
159,20170321_T21_V1,21,5,378x765
160,20170321_T21_V1,21,2,637x318
161,20170321_T22_V1.5,22,19,208x313
162,20170321_T22_V1.5,22,12,237x714
163,20170321_T22_V1.5,22,18,306x774
164,20170321_T22_V1.5,22,16,315x229
165,20170321_T22_V1.5,22,17,335x365
166,20170321_T22_V1.5,22,13,360x380
167,20170321_T22_V1.5,22,20,387x324
168,20170321_T22_V1.5,22,11,786x716
169,20170321_T22_V1.5,22,15,852x721
170,20170321_T22_V1.5,22,14,136x427
171,20170321_T22_V1.5,22,9,801x513
172,20170321_T22_V1.5,22,1,855x391
173,20170321_T22_V1.5,22,6,57x862
174,20170321_T22_V1.5,22,4,59x820
175,20170321_T22_V1.5,22,10,153x517
176,20170321_T22_V1.5,22,7,235x712
177,20170321_T22_V1.5,22,8,307x176
178,20170321_T22_V1.5,22,2,378x765
179,20170321_T22_V1.5,22,3,637x318
180,20170321_T22_V1.5,22,5,732x40
181,20170321_T25_V1,25,14,315x229
182,20170321_T25_V1,25,18,335x365
183,20170321_T25_V1,25,16,360x380
184,20170321_T25_V1,25,15,387x324
185,20170321_T25_V1,25,13,786x716
186,20170321_T25_V1,25,12,852x721
187,20170321_T25_V1,25,19,136x427
188,20170321_T25_V1,25,17,208x313
189,20170321_T25_V1,25,11,237x714
190,20170321_T25_V1,25,20,306x774
191,20170321_T25_V1,25,3,59x820
192,20170321_T25_V1,25,8,153x517
193,20170321_T25_V1,25,6,235x712
194,20170321_T25_V1,25,4,307x176
195,20170321_T25_V1,25,9,378x765
196,20170321_T25_V1,25,10,637x318
197,20170321_T25_V1,25,7,732x40
198,20170321_T25_V1,25,5,801x513
199,20170321_T25_V1,25,2,855x391
200,20170321_T25_V1,25,1,57x862
201,20170322_T21_V3,21,19,136x427
202,20170322_T21_V3,21,20,208x313
203,20170322_T21_V3,21,14,237x714
204,20170322_T21_V3,21,16,306x774
205,20170322_T21_V3,21,15,315x229
206,20170322_T21_V3,21,18,335x365
207,20170322_T21_V3,21,17,360x380
208,20170322_T21_V3,21,13,387x324
209,20170322_T21_V3,21,10,786x716
210,20170322_T21_V3,21,11,852x721
211,20170322_T21_V3,21,8,732x40
212,20170322_T21_V3,21,5,801x513
213,20170322_T21_V3,21,1,855x391
214,20170322_T21_V3,21,4,57x862
215,20170322_T21_V3,21,7,59x820
216,20170322_T21_V3,21,12,153x517
217,20170322_T21_V3,21,9,235x712
218,20170322_T21_V3,21,6,307x176
219,20170322_T21_V3,21,3,378x765
220,20170322_T21_V3,21,2,637x318
221,20170328_T27_V1,27,15,360x380
222,20170328_T27_V1,27,18,387x324
223,20170328_T27_V1,27,4,786x716
224,20170328_T27_V1,27,16,852x721
225,20170328_T27_V1,27,20,136x427
226,20170328_T27_V1,27,17,208x313
227,20170328_T27_V1,27,14,237x714
228,20170328_T27_V1,27,19,306x774
229,20170328_T27_V1,27,9,315x229
230,20170328_T27_V1,27,12,335x365
231,20170328_T27_V1,27,5,235x712
232,20170328_T27_V1,27,3,307x176
233,20170328_T27_V1,27,6,378x765
234,20170328_T27_V1,27,13,637x318
235,20170328_T27_V1,27,7,732x40
236,20170328_T27_V1,27,2,801x513
237,20170328_T27_V1,27,11,855x391
238,20170328_T27_V1,27,8,57x862
239,20170328_T27_V1,27,1,59x820
240,20170328_T27_V1,27,10,153x517
241,20170328_T28_V1.5,28,15,387x324
242,20170328_T28_V1.5,28,16,786x716
243,20170328_T28_V1.5,28,14,852x721
244,20170328_T28_V1.5,28,19,136x427
245,20170328_T28_V1.5,28,17,208x313
246,20170328_T28_V1.5,28,18,237x714
247,20170328_T28_V1.5,28,20,306x774
248,20170328_T28_V1.5,28,7,315x229
249,20170328_T28_V1.5,28,4,335x365
250,20170328_T28_V1.5,28,12,360x380
251,20170328_T28_V1.5,28,10,307x176
252,20170328_T28_V1.5,28,6,378x765
253,20170328_T28_V1.5,28,3,637x318
254,20170328_T28_V1.5,28,8,732x40
255,20170328_T28_V1.5,28,11,801x513
256,20170328_T28_V1.5,28,13,855x391
257,20170328_T28_V1.5,28,5,57x862
258,20170328_T28_V1.5,28,1,59x820
259,20170328_T28_V1.5,28,9,153x517
260,20170328_T28_V1.5,28,2,235x712
261,20170328_T29_V1,29,19,786x716
262,20170328_T29_V1,29,15,852x721
263,20170328_T29_V1,29,17,136x427
264,20170328_T29_V1,29,14,208x313
265,20170328_T29_V1,29,18,237x714
266,20170328_T29_V1,29,20,306x774
267,20170328_T29_V1,29,13,315x229
268,20170328_T29_V1,29,16,335x365
269,20170328_T29_V1,29,11,360x380
270,20170328_T29_V1,29,12,387x324
271,20170328_T29_V1,29,8,378x765
272,20170328_T29_V1,29,10,637x318
273,20170328_T29_V1,29,2,732x40
274,20170328_T29_V1,29,6,801x513
275,20170328_T29_V1,29,5,855x391
276,20170328_T29_V1,29,7,57x862
277,20170328_T29_V1,29,1,59x820
278,20170328_T29_V1,29,9,153x517
279,20170328_T29_V1,29,3,235x712
280,20170328_T29_V1,29,4,307x176
281,20170328_T30_V1.5,30,13,852x721
282,20170328_T30_V1.5,30,18,136x427
283,20170328_T30_V1.5,30,6,208x313
284,20170328_T30_V1.5,30,19,237x714
285,20170328_T30_V1.5,30,20,306x774
286,20170328_T30_V1.5,30,12,315x229
287,20170328_T30_V1.5,30,16,335x365
288,20170328_T30_V1.5,30,14,360x380
289,20170328_T30_V1.5,30,17,387x324
290,20170328_T30_V1.5,30,10,786x716
291,20170328_T30_V1.5,30,5,637x318
292,20170328_T30_V1.5,30,8,732x40
293,20170328_T30_V1.5,30,1,801x513
294,20170328_T30_V1.5,30,9,855x391
295,20170328_T30_V1.5,30,7,57x862
296,20170328_T30_V1.5,30,4,59x820
297,20170328_T30_V1.5,30,15,153x517
298,20170328_T30_V1.5,30,11,235x712
299,20170328_T30_V1.5,30,2,307x176
300,20170328_T30_V1.5,30,3,378x765
301,20170328_T31_V1,31,19,136x427
302,20170328_T31_V1,31,16,208x313
303,20170328_T31_V1,31,18,237x714
304,20170328_T31_V1,31,20,306x774
305,20170328_T31_V1,31,13,315x229
306,20170328_T31_V1,31,15,335x365
307,20170328_T31_V1,31,12,360x380
308,20170328_T31_V1,31,17,387x324
309,20170328_T31_V1,31,14,786x716
310,20170328_T31_V1,31,6,852x721
311,20170328_T31_V1,31,11,637x318
312,20170328_T31_V1,31,9,732x40
313,20170328_T31_V1,31,8,801x513
314,20170328_T31_V1,31,1,855x391
315,20170328_T31_V1,31,7,57x862
316,20170328_T31_V1,31,10,59x820
317,20170328_T31_V1,31,5,153x517
318,20170328_T31_V1,31,3,235x712
319,20170328_T31_V1,31,2,307x176
320,20170328_T31_V1,31,4,378x765
321,20170328_T33_V1,33,18,237x714
322,20170328_T33_V1,33,19,306x774
323,20170328_T33_V1,33,12,315x229
324,20170328_T33_V1,33,14,335x365
325,20170328_T33_V1,33,16,360x380
326,20170328_T33_V1,33,20,387x324
327,20170328_T33_V1,33,13,786x716
328,20170328_T33_V1,33,15,852x721
329,20170328_T33_V1,33,17,136x427
330,20170328_T33_V1,33,8,208x313
331,20170328_T33_V1,33,6,801x513
332,20170328_T33_V1,33,3,855x391
333,20170328_T33_V1,33,2,57x862
334,20170328_T33_V1,33,10,59x820
335,20170328_T33_V1,33,9,153x517
336,20170328_T33_V1,33,11,235x712
337,20170328_T33_V1,33,5,307x176
338,20170328_T33_V1,33,7,378x765
339,20170328_T33_V1,33,4,637x318
340,20170328_T33_V1,33,1,732x40
341,20170328_T34_V1.5,34,20,306x774
342,20170328_T34_V1.5,34,14,315x229
343,20170328_T34_V1.5,34,2,335x365
344,20170328_T34_V1.5,34,18,360x380
345,20170328_T34_V1.5,34,19,387x324
346,20170328_T34_V1.5,34,9,786x716
347,20170328_T34_V1.5,34,17,852x721
348,20170328_T34_V1.5,34,12,136x427
349,20170328_T34_V1.5,34,16,208x313
350,20170328_T34_V1.5,34,15,237x714
351,20170328_T34_V1.5,34,6,855x391
352,20170328_T34_V1.5,34,5,57x862
353,20170328_T34_V1.5,34,3,59x820
354,20170328_T34_V1.5,34,10,153x517
355,20170328_T34_V1.5,34,11,235x712
356,20170328_T34_V1.5,34,7,307x176
357,20170328_T34_V1.5,34,8,378x765
358,20170328_T34_V1.5,34,13,637x318
359,20170328_T34_V1.5,34,4,732x40
360,20170328_T34_V1.5,34,1,801x513
361,20170329_T27_V3,27,17,360x380
362,20170329_T27_V3,27,19,387x324
363,20170329_T27_V3,27,4,786x716
364,20170329_T27_V3,27,15,852x721
365,20170329_T27_V3,27,20,136x427
366,20170329_T27_V3,27,16,208x313
367,20170329_T27_V3,27,14,237x714
368,20170329_T27_V3,27,18,306x774
369,20170329_T27_V3,27,7,315x229
370,20170329_T27_V3,27,12,335x365
371,20170329_T27_V3,27,9,235x712
372,20170329_T27_V3,27,3,307x176
373,20170329_T27_V3,27,10,378x765
374,20170329_T27_V3,27,13,637x318
375,20170329_T27_V3,27,6,732x40
376,20170329_T27_V3,27,2,801x513
377,20170329_T27_V3,27,11,855x391
378,20170329_T27_V3,27,5,57x862
379,20170329_T27_V3,27,1,59x820
380,20170329_T27_V3,27,8,153x517
381,20170329_T31_V3,31,19,136x427
382,20170329_T31_V3,31,15,208x313
383,20170329_T31_V3,31,18,237x714
384,20170329_T31_V3,31,20,306x774
385,20170329_T31_V3,31,8,315x229
386,20170329_T31_V3,31,16,335x365
387,20170329_T31_V3,31,11,360x380
388,20170329_T31_V3,31,17,387x324
389,20170329_T31_V3,31,14,786x716
390,20170329_T31_V3,31,4,852x721
391,20170329_T31_V3,31,12,637x318
392,20170329_T31_V3,31,10,732x40
393,20170329_T31_V3,31,7,801x513
394,20170329_T31_V3,31,1,855x391
395,20170329_T31_V3,31,9,57x862
396,20170329_T31_V3,31,13,59x820
397,20170329_T31_V3,31,5,153x517
398,20170329_T31_V3,31,3,235x712
399,20170329_T31_V3,31,2,307x176
400,20170329_T31_V3,31,6,378x765
401,20170404_T39_V1,39,16,786x716
402,20170404_T39_V1,39,15,852x721
403,20170404_T39_V1,39,14,136x427
404,20170404_T39_V1,39,17,208x313
405,20170404_T39_V1,39,19,237x714
406,20170404_T39_V1,39,20,306x774
407,20170404_T39_V1,39,18,315x229
408,20170404_T39_V1,39,11,335x365
409,20170404_T39_V1,39,13,360x380
410,20170404_T39_V1,39,12,387x324
411,20170404_T39_V1,39,7,307x176
412,20170404_T39_V1,39,8,378x765
413,20170404_T39_V1,39,2,637x318
414,20170404_T39_V1,39,5,732x40
415,20170404_T39_V1,39,10,801x513
416,20170404_T39_V1,39,3,855x391
417,20170404_T39_V1,39,4,57x862
418,20170404_T39_V1,39,9,59x820
419,20170404_T39_V1,39,6,153x517
420,20170404_T39_V1,39,1,235x712
421,20170404_T40_V1.5,40,13,852x721
422,20170404_T40_V1.5,40,19,136x427
423,20170404_T40_V1.5,40,12,208x313
424,20170404_T40_V1.5,40,15,237x714
425,20170404_T40_V1.5,40,20,306x774
426,20170404_T40_V1.5,40,18,315x229
427,20170404_T40_V1.5,40,16,335x365
428,20170404_T40_V1.5,40,17,360x380
429,20170404_T40_V1.5,40,14,387x324
430,20170404_T40_V1.5,40,11,786x716
431,20170404_T40_V1.5,40,8,378x765
432,20170404_T40_V1.5,40,10,637x318
433,20170404_T40_V1.5,40,2,732x40
434,20170404_T40_V1.5,40,7,801x513
435,20170404_T40_V1.5,40,4,855x391
436,20170404_T40_V1.5,40,6,57x862
437,20170404_T40_V1.5,40,5,59x820
438,20170404_T40_V1.5,40,9,153x517
439,20170404_T40_V1.5,40,1,235x712
440,20170404_T40_V1.5,40,3,307x176
441,20170404_T41_V1,41,19,136x427
442,20170404_T41_V1,41,14,208x313
443,20170404_T41_V1,41,13,237x714
444,20170404_T41_V1,41,18,306x774
445,20170404_T41_V1,41,20,315x229
446,20170404_T41_V1,41,17,335x365
447,20170404_T41_V1,41,16,360x380
448,20170404_T41_V1,41,15,387x324
449,20170404_T41_V1,41,12,786x716
450,20170404_T41_V1,41,10,852x721
451,20170404_T41_V1,41,9,378x765
452,20170404_T41_V1,41,7,637x318
453,20170404_T41_V1,41,2,732x40
454,20170404_T41_V1,41,8,801x513
455,20170404_T41_V1,41,4,855x391
456,20170404_T41_V1,41,6,57x862
457,20170404_T41_V1,41,5,59x820
458,20170404_T41_V1,41,11,153x517
459,20170404_T41_V1,41,3,235x712
460,20170404_T41_V1,41,1,307x176
461,20170405_T35_V3,35,20,315x229
462,20170405_T35_V3,35,12,335x365
463,20170405_T35_V3,35,11,360x380
464,20170405_T35_V3,35,18,387x324
465,20170405_T35_V3,35,19,786x716
466,20170405_T35_V3,35,14,852x721
467,20170405_T35_V3,35,16,136x427
468,20170405_T35_V3,35,13,208x313
469,20170405_T35_V3,35,17,237x714
470,20170405_T35_V3,35,15,306x774
471,20170405_T35_V3,35,4,57x862
472,20170405_T35_V3,35,5,59x820
473,20170405_T35_V3,35,9,153x517
474,20170405_T35_V3,35,3,235x712
475,20170405_T35_V3,35,8,307x176
476,20170405_T35_V3,35,7,378x765
477,20170405_T35_V3,35,10,637x318
478,20170405_T35_V3,35,6,732x40
479,20170405_T35_V3,35,2,801x513
480,20170405_T35_V3,35,1,855x391
481,20170405_T41_V3,41,19,136x427
482,20170405_T41_V3,41,14,208x313
483,20170405_T41_V3,41,13,237x714
484,20170405_T41_V3,41,18,306x774
485,20170405_T41_V3,41,20,315x229
486,20170405_T41_V3,41,17,335x365
487,20170405_T41_V3,41,16,360x380
488,20170405_T41_V3,41,15,387x324
489,20170405_T41_V3,41,12,786x716
490,20170405_T41_V3,41,10,852x721
491,20170405_T41_V3,41,9,378x765
492,20170405_T41_V3,41,6,637x318
493,20170405_T41_V3,41,2,732x40
494,20170405_T41_V3,41,8,801x513
495,20170405_T41_V3,41,4,855x391
496,20170405_T41_V3,41,5,57x862
497,20170405_T41_V3,41,7,59x820
498,20170405_T41_V3,41,11,153x517
499,20170405_T41_V3,41,3,235x712
500,20170405_T41_V3,41,1,307x176
501,20170411_T43_V1,43,19,237x714
502,20170411_T43_V1,43,18,306x774
503,20170411_T43_V1,43,11,315x229
504,20170411_T43_V1,43,15,335x365
505,20170411_T43_V1,43,16,360x380
506,20170411_T43_V1,43,20,387x324
507,20170411_T43_V1,43,10,786x716
508,20170411_T43_V1,43,13,852x721
509,20170411_T43_V1,43,14,136x427
510,20170411_T43_V1,43,17,208x313
511,20170411_T43_V1,43,7,732x40
512,20170411_T43_V1,43,3,801x513
513,20170411_T43_V1,43,4,855x391
514,20170411_T43_V1,43,1,57x862
515,20170411_T43_V1,43,6,59x820
516,20170411_T43_V1,43,12,153x517
517,20170411_T43_V1,43,9,235x712
518,20170411_T43_V1,43,2,307x176
519,20170411_T43_V1,43,5,378x765
520,20170411_T43_V1,43,8,637x318
521,20170411_T44_V1.5,44,20,306x774
522,20170411_T44_V1.5,44,7,315x229
523,20170411_T44_V1.5,44,10,335x365
524,20170411_T44_V1.5,44,13,360x380
525,20170411_T44_V1.5,44,19,387x324
526,20170411_T44_V1.5,44,14,786x716
527,20170411_T44_V1.5,44,17,852x721
528,20170411_T44_V1.5,44,18,136x427
529,20170411_T44_V1.5,44,16,208x313
530,20170411_T44_V1.5,44,15,237x714
531,20170411_T44_V1.5,44,8,801x513
532,20170411_T44_V1.5,44,2,855x391
533,20170411_T44_V1.5,44,1,57x862
534,20170411_T44_V1.5,44,3,59x820
535,20170411_T44_V1.5,44,12,153x517
536,20170411_T44_V1.5,44,5,235x712
537,20170411_T44_V1.5,44,6,307x176
538,20170411_T44_V1.5,44,9,378x765
539,20170411_T44_V1.5,44,11,637x318
540,20170411_T44_V1.5,44,4,732x40
541,20170411_T47_V1,47,16,360x380
542,20170411_T47_V1,47,17,387x324
543,20170411_T47_V1,47,15,786x716
544,20170411_T47_V1,47,14,852x721
545,20170411_T47_V1,47,19,136x427
546,20170411_T47_V1,47,18,208x313
547,20170411_T47_V1,47,12,237x714
548,20170411_T47_V1,47,20,306x774
549,20170411_T47_V1,47,13,315x229
550,20170411_T47_V1,47,11,335x365
551,20170411_T47_V1,47,4,59x820
552,20170411_T47_V1,47,10,153x517
553,20170411_T47_V1,47,3,235x712
554,20170411_T47_V1,47,2,307x176
555,20170411_T47_V1,47,8,378x765
556,20170411_T47_V1,47,9,637x318
557,20170411_T47_V1,47,7,732x40
558,20170411_T47_V1,47,6,801x513
559,20170411_T47_V1,47,5,855x391
560,20170411_T47_V1,47,1,57x862
561,20170412_T43_V3,43,19,237x714
562,20170412_T43_V3,43,17,306x774
563,20170412_T43_V3,43,14,315x229
564,20170412_T43_V3,43,13,335x365
565,20170412_T43_V3,43,16,360x380
566,20170412_T43_V3,43,20,387x324
567,20170412_T43_V3,43,11,786x716
568,20170412_T43_V3,43,12,852x721
569,20170412_T43_V3,43,15,136x427
570,20170412_T43_V3,43,18,208x313
571,20170412_T43_V3,43,5,732x40
572,20170412_T43_V3,43,3,801x513
573,20170412_T43_V3,43,4,855x391
574,20170412_T43_V3,43,1,57x862
575,20170412_T43_V3,43,9,59x820
576,20170412_T43_V3,43,10,153x517
577,20170412_T43_V3,43,8,235x712
578,20170412_T43_V3,43,2,307x176
579,20170412_T43_V3,43,7,378x765
580,20170412_T43_V3,43,6,637x318
581,20170418_T51_V1,51,20,136x427
582,20170418_T51_V1,51,16,208x313
583,20170418_T51_V1,51,11,237x714
584,20170418_T51_V1,51,19,306x774
585,20170418_T51_V1,51,15,315x229
586,20170418_T51_V1,51,13,335x365
587,20170418_T51_V1,51,18,360x380
588,20170418_T51_V1,51,17,387x324
589,20170418_T51_V1,51,14,786x716
590,20170418_T51_V1,51,12,852x721
591,20170418_T51_V1,51,5,307x176
592,20170418_T51_V1,51,8,378x765
593,20170418_T51_V1,51,7,637x318
594,20170418_T51_V1,51,1,732x40
595,20170418_T51_V1,51,9,801x513
596,20170418_T51_V1,51,6,855x391
597,20170418_T51_V1,51,4,57x862
598,20170418_T51_V1,51,2,59x820
599,20170418_T51_V1,51,10,153x517
600,20170418_T51_V1,51,3,235x712
601,20170418_T52_V1.5,52,16,208x313
602,20170418_T52_V1.5,52,20,237x714
603,20170418_T52_V1.5,52,17,306x774
604,20170418_T52_V1.5,52,7,315x229
605,20170418_T52_V1.5,52,15,335x365
606,20170418_T52_V1.5,52,18,360x380
607,20170418_T52_V1.5,52,14,387x324
608,20170418_T52_V1.5,52,13,786x716
609,20170418_T52_V1.5,52,12,852x721
610,20170418_T52_V1.5,52,19,136x427
611,20170418_T52_V1.5,52,8,378x765
612,20170418_T52_V1.5,52,10,637x318
613,20170418_T52_V1.5,52,1,732x40
614,20170418_T52_V1.5,52,9,801x513
615,20170418_T52_V1.5,52,6,855x391
616,20170418_T52_V1.5,52,2,57x862
617,20170418_T52_V1.5,52,5,59x820
618,20170418_T52_V1.5,52,11,153x517
619,20170418_T52_V1.5,52,3,235x712
620,20170418_T52_V1.5,52,4,307x176
621,20170418_T53_V1,53,16,237x714
622,20170418_T53_V1,53,19,306x774
623,20170418_T53_V1,53,10,315x229
624,20170418_T53_V1,53,14,335x365
625,20170418_T53_V1,53,20,360x380
626,20170418_T53_V1,53,17,387x324
627,20170418_T53_V1,53,13,786x716
628,20170418_T53_V1,53,15,852x721
629,20170418_T53_V1,53,18,136x427
630,20170418_T53_V1,53,11,208x313
631,20170418_T53_V1,53,9,637x318
632,20170418_T53_V1,53,4,732x40
633,20170418_T53_V1,53,6,801x513
634,20170418_T53_V1,53,2,855x391
635,20170418_T53_V1,53,3,57x862
636,20170418_T53_V1,53,5,59x820
637,20170418_T53_V1,53,12,153x517
638,20170418_T53_V1,53,8,235x712
639,20170418_T53_V1,53,1,307x176
640,20170418_T53_V1,53,7,378x765
641,20170418_T55_V1,55,10,315x229
642,20170418_T55_V1,55,16,335x365
643,20170418_T55_V1,55,13,360x380
644,20170418_T55_V1,55,15,387x324
645,20170418_T55_V1,55,19,786x716
646,20170418_T55_V1,55,17,852x721
647,20170418_T55_V1,55,20,136x427
648,20170418_T55_V1,55,14,208x313
649,20170418_T55_V1,55,12,237x714
650,20170418_T55_V1,55,18,306x774
651,20170418_T55_V1,55,9,801x513
652,20170418_T55_V1,55,2,855x391
653,20170418_T55_V1,55,4,57x862
654,20170418_T55_V1,55,8,59x820
655,20170418_T55_V1,55,11,153x517
656,20170418_T55_V1,55,5,235x712
657,20170418_T55_V1,55,6,307x176
658,20170418_T55_V1,55,3,378x765
659,20170418_T55_V1,55,7,637x318
660,20170418_T55_V1,55,1,732x40
661,20170419_T51_V3,51,20,136x427
662,20170419_T51_V3,51,18,208x313
663,20170419_T51_V3,51,12,237x714
664,20170419_T51_V3,51,19,306x774
665,20170419_T51_V3,51,15,315x229
666,20170419_T51_V3,51,14,335x365
667,20170419_T51_V3,51,17,360x380
668,20170419_T51_V3,51,16,387x324
669,20170419_T51_V3,51,11,786x716
670,20170419_T51_V3,51,10,852x721
671,20170419_T51_V3,51,4,307x176
672,20170419_T51_V3,51,8,378x765
673,20170419_T51_V3,51,7,637x318
674,20170419_T51_V3,51,1,732x40
675,20170419_T51_V3,51,9,801x513
676,20170419_T51_V3,51,6,855x391
677,20170419_T51_V3,51,5,57x862
678,20170419_T51_V3,51,3,59x820
679,20170419_T51_V3,51,13,153x517
680,20170419_T51_V3,51,2,235x712
681,20170419_T52_V3.5,52,16,208x313
682,20170419_T52_V3.5,52,20,237x714
683,20170419_T52_V3.5,52,19,306x774
684,20170419_T52_V3.5,52,7,315x229
685,20170419_T52_V3.5,52,18,335x365
686,20170419_T52_V3.5,52,17,360x380
687,20170419_T52_V3.5,52,13,387x324
688,20170419_T52_V3.5,52,14,786x716
689,20170419_T52_V3.5,52,12,852x721
690,20170419_T52_V3.5,52,15,136x427
691,20170419_T52_V3.5,52,9,378x765
692,20170419_T52_V3.5,52,11,637x318
693,20170419_T52_V3.5,52,1,732x40
694,20170419_T52_V3.5,52,8,801x513
695,20170419_T52_V3.5,52,6,855x391
696,20170419_T52_V3.5,52,4,57x862
697,20170419_T52_V3.5,52,3,59x820
698,20170419_T52_V3.5,52,10,153x517
699,20170419_T52_V3.5,52,2,235x712
700,20170419_T52_V3.5,52,5,307x176
701,20170419_T55_V3,55,10,315x229
702,20170419_T55_V3,55,15,335x365
703,20170419_T55_V3,55,12,360x380
704,20170419_T55_V3,55,19,387x324
705,20170419_T55_V3,55,16,786x716
706,20170419_T55_V3,55,17,852x721
707,20170419_T55_V3,55,20,136x427
708,20170419_T55_V3,55,14,208x313
709,20170419_T55_V3,55,13,237x714
710,20170419_T55_V3,55,18,306x774
711,20170419_T55_V3,55,9,801x513
712,20170419_T55_V3,55,2,855x391
713,20170419_T55_V3,55,3,57x862
714,20170419_T55_V3,55,8,59x820
715,20170419_T55_V3,55,11,153x517
716,20170419_T55_V3,55,7,235x712
717,20170419_T55_V3,55,5,307x176
718,20170419_T55_V3,55,4,378x765
719,20170419_T55_V3,55,6,637x318
720,20170419_T55_V3,55,1,732x40
721,20170419_T58_V3.5,58,18,387x324
722,20170419_T58_V3.5,58,13,786x716
723,20170419_T58_V3.5,58,16,852x721
724,20170419_T58_V3.5,58,20,136x427
725,20170419_T58_V3.5,58,19,208x313
726,20170419_T58_V3.5,58,17,237x714
727,20170419_T58_V3.5,58,14,306x774
728,20170419_T58_V3.5,58,15,315x229
729,20170419_T58_V3.5,58,12,335x365
730,20170419_T58_V3.5,58,11,360x380
731,20170419_T58_V3.5,58,6,59x820
732,20170419_T58_V3.5,58,8,153x517
733,20170419_T58_V3.5,58,7,235x712
734,20170419_T58_V3.5,58,2,307x176
735,20170419_T58_V3.5,58,10,378x765
736,20170419_T58_V3.5,58,9,637x318
737,20170419_T58_V3.5,58,4,732x40
738,20170419_T58_V3.5,58,3,801x513
739,20170419_T58_V3.5,58,1,855x391
740,20170419_T58_V3.5,58,5,57x862
741,20170425_T61_V1,61,12,136x427
742,20170425_T61_V1,61,19,208x313
743,20170425_T61_V1,61,18,237x714
744,20170425_T61_V1,61,20,306x774
745,20170425_T61_V1,61,5,315x229
746,20170425_T61_V1,61,16,335x365
747,20170425_T61_V1,61,17,360x380
748,20170425_T61_V1,61,15,387x324
749,20170425_T61_V1,61,14,786x716
750,20170425_T61_V1,61,13,852x721
751,20170425_T61_V1,61,11,235x712
752,20170425_T61_V1,61,4,307x176
753,20170425_T61_V1,61,9,378x765
754,20170425_T61_V1,61,1,637x318
755,20170425_T61_V1,61,7,732x40
756,20170425_T61_V1,61,10,801x513
757,20170425_T61_V1,61,6,855x391
758,20170425_T61_V1,61,2,57x862
759,20170425_T61_V1,61,3,59x820
760,20170425_T61_V1,61,8,153x517
761,20170425_T64_V1.5,64,20,306x774
762,20170425_T64_V1.5,64,13,315x229
763,20170425_T64_V1.5,64,15,335x365
764,20170425_T64_V1.5,64,14,360x380
765,20170425_T64_V1.5,64,19,387x324
766,20170425_T64_V1.5,64,11,786x716
767,20170425_T64_V1.5,64,16,852x721
768,20170425_T64_V1.5,64,8,136x427
769,20170425_T64_V1.5,64,18,208x313
770,20170425_T64_V1.5,64,17,237x714
771,20170425_T64_V1.5,64,12,637x318
772,20170425_T64_V1.5,64,3,732x40
773,20170425_T64_V1.5,64,7,801x513
774,20170425_T64_V1.5,64,9,855x391
775,20170425_T64_V1.5,64,2,57x862
776,20170425_T64_V1.5,64,4,59x820
777,20170425_T64_V1.5,64,10,153x517
778,20170425_T64_V1.5,64,5,235x712
779,20170425_T64_V1.5,64,1,307x176
780,20170425_T64_V1.5,64,6,378x765
781,20170425_T65_V1,65,11,315x229
782,20170425_T65_V1,65,13,335x365
783,20170425_T65_V1,65,12,360x380
784,20170425_T65_V1,65,15,387x324
785,20170425_T65_V1,65,14,786x716
786,20170425_T65_V1,65,17,852x721
787,20170425_T65_V1,65,19,136x427
788,20170425_T65_V1,65,20,208x313
789,20170425_T65_V1,65,18,237x714
790,20170425_T65_V1,65,16,306x774
791,20170425_T65_V1,65,8,732x40
792,20170425_T65_V1,65,10,801x513
793,20170425_T65_V1,65,4,855x391
794,20170425_T65_V1,65,2,57x862
795,20170425_T65_V1,65,5,59x820
796,20170425_T65_V1,65,9,153x517
797,20170425_T65_V1,65,7,235x712
798,20170425_T65_V1,65,6,307x176
799,20170425_T65_V1,65,3,378x765
800,20170425_T65_V1,65,1,637x318
801,20170426_T61_V3,61,13,136x427
802,20170426_T61_V3,61,15,208x313
803,20170426_T61_V3,61,18,237x714
804,20170426_T61_V3,61,20,306x774
805,20170426_T61_V3,61,11,315x229
806,20170426_T61_V3,61,19,335x365
807,20170426_T61_V3,61,16,360x380
808,20170426_T61_V3,61,17,387x324
809,20170426_T61_V3,61,12,786x716
810,20170426_T61_V3,61,14,852x721
811,20170426_T61_V3,61,10,235x712
812,20170426_T61_V3,61,3,307x176
813,20170426_T61_V3,61,9,378x765
814,20170426_T61_V3,61,1,637x318
815,20170426_T61_V3,61,6,732x40
816,20170426_T61_V3,61,8,801x513
817,20170426_T61_V3,61,5,855x391
818,20170426_T61_V3,61,2,57x862
819,20170426_T61_V3,61,4,59x820
820,20170426_T61_V3,61,7,153x517
821,20170426_T64_V3.5,64,20,306x774
822,20170426_T64_V3.5,64,15,315x229
823,20170426_T64_V3.5,64,14,335x365
824,20170426_T64_V3.5,64,13,360x380
825,20170426_T64_V3.5,64,19,387x324
826,20170426_T64_V3.5,64,9,786x716
827,20170426_T64_V3.5,64,16,852x721
828,20170426_T64_V3.5,64,12,136x427
829,20170426_T64_V3.5,64,17,208x313
830,20170426_T64_V3.5,64,18,237x714
831,20170426_T64_V3.5,64,11,637x318
832,20170426_T64_V3.5,64,3,732x40
833,20170426_T64_V3.5,64,7,801x513
834,20170426_T64_V3.5,64,8,855x391
835,20170426_T64_V3.5,64,2,57x862
836,20170426_T64_V3.5,64,5,59x820
837,20170426_T64_V3.5,64,10,153x517
838,20170426_T64_V3.5,64,4,235x712
839,20170426_T64_V3.5,64,1,307x176
840,20170426_T64_V3.5,64,6,378x765
841,20170426_T65_V3,65,11,315x229
842,20170426_T65_V3,65,16,335x365
843,20170426_T65_V3,65,12,360x380
844,20170426_T65_V3,65,14,387x324
845,20170426_T65_V3,65,13,786x716
846,20170426_T65_V3,65,15,852x721
847,20170426_T65_V3,65,19,136x427
848,20170426_T65_V3,65,20,208x313
849,20170426_T65_V3,65,18,237x714
850,20170426_T65_V3,65,17,306x774
851,20170426_T65_V3,65,8,732x40
852,20170426_T65_V3,65,10,801x513
853,20170426_T65_V3,65,4,855x391
854,20170426_T65_V3,65,2,57x862
855,20170426_T65_V3,65,5,59x820
856,20170426_T65_V3,65,9,153x517
857,20170426_T65_V3,65,7,235x712
858,20170426_T65_V3,65,6,307x176
859,20170426_T65_V3,65,3,378x765
860,20170426_T65_V3,65,1,637x318
861,20170516_T67_V1,67,16,360x380
862,20170516_T67_V1,67,13,387x324
863,20170516_T67_V1,67,14,786x716
864,20170516_T67_V1,67,17,852x721
865,20170516_T67_V1,67,18,136x427
866,20170516_T67_V1,67,19,208x313
867,20170516_T67_V1,67,15,237x714
868,20170516_T67_V1,67,20,306x774
869,20170516_T67_V1,67,8,315x229
870,20170516_T67_V1,67,11,335x365
871,20170516_T67_V1,67,4,855x391
872,20170516_T67_V1,67,2,57x862
873,20170516_T67_V1,67,3,59x820
874,20170516_T67_V1,67,12,153x517
875,20170516_T67_V1,67,9,235x712
876,20170516_T67_V1,67,6,307x176
877,20170516_T67_V1,67,7,378x765
878,20170516_T67_V1,67,10,637x318
879,20170516_T67_V1,67,1,732x40
880,20170516_T67_V1,67,5,801x513
881,20170516_T68_V1.5,68,14,387x324
882,20170516_T68_V1.5,68,16,786x716
883,20170516_T68_V1.5,68,13,852x721
884,20170516_T68_V1.5,68,19,136x427
885,20170516_T68_V1.5,68,18,208x313
886,20170516_T68_V1.5,68,17,237x714
887,20170516_T68_V1.5,68,20,306x774
888,20170516_T68_V1.5,68,12,315x229
889,20170516_T68_V1.5,68,11,335x365
890,20170516_T68_V1.5,68,15,360x380
891,20170516_T68_V1.5,68,7,57x862
892,20170516_T68_V1.5,68,3,59x820
893,20170516_T68_V1.5,68,6,153x517
894,20170516_T68_V1.5,68,10,235x712
895,20170516_T68_V1.5,68,2,307x176
896,20170516_T68_V1.5,68,8,378x765
897,20170516_T68_V1.5,68,9,637x318
898,20170516_T68_V1.5,68,4,732x40
899,20170516_T68_V1.5,68,5,801x513
900,20170516_T68_V1.5,68,1,855x391
901,20170516_T69_V1,69,16,786x716
902,20170516_T69_V1,69,14,852x721
903,20170516_T69_V1,69,19,136x427
904,20170516_T69_V1,69,17,208x313
905,20170516_T69_V1,69,18,237x714
906,20170516_T69_V1,69,20,306x774
907,20170516_T69_V1,69,12,315x229
908,20170516_T69_V1,69,13,335x365
909,20170516_T69_V1,69,15,360x380
910,20170516_T69_V1,69,7,387x324
911,20170516_T69_V1,69,4,59x820
912,20170516_T69_V1,69,11,153x517
913,20170516_T69_V1,69,6,235x712
914,20170516_T69_V1,69,5,307x176
915,20170516_T69_V1,69,8,378x765
916,20170516_T69_V1,69,9,637x318
917,20170516_T69_V1,69,1,732x40
918,20170516_T69_V1,69,10,801x513
919,20170516_T69_V1,69,3,855x391
920,20170516_T69_V1,69,2,57x862
921,20170516_T71_V1,71,20,136x427
922,20170516_T71_V1,71,14,208x313
923,20170516_T71_V1,71,12,237x714
924,20170516_T71_V1,71,18,306x774
925,20170516_T71_V1,71,11,315x229
926,20170516_T71_V1,71,15,335x365
927,20170516_T71_V1,71,19,360x380
928,20170516_T71_V1,71,17,387x324
929,20170516_T71_V1,71,16,786x716
930,20170516_T71_V1,71,10,852x721
931,20170516_T71_V1,71,13,153x517
932,20170516_T71_V1,71,8,235x712
933,20170516_T71_V1,71,4,307x176
934,20170516_T71_V1,71,6,378x765
935,20170516_T71_V1,71,9,637x318
936,20170516_T71_V1,71,5,732x40
937,20170516_T71_V1,71,7,801x513
938,20170516_T71_V1,71,3,855x391
939,20170516_T71_V1,71,2,57x862
940,20170516_T71_V1,71,1,59x820
941,20170517_T73_V3,73,19,237x714
942,20170517_T73_V3,73,16,306x774
943,20170517_T73_V3,73,3,315x229
944,20170517_T73_V3,73,13,335x365
945,20170517_T73_V3,73,14,360x380
946,20170517_T73_V3,73,18,387x324
947,20170517_T73_V3,73,20,786x716
948,20170517_T73_V3,73,15,852x721
949,20170517_T73_V3,73,17,136x427
950,20170517_T73_V3,73,12,208x313
951,20170517_T73_V3,73,9,307x176
952,20170517_T73_V3,73,6,378x765
953,20170517_T73_V3,73,1,637x318
954,20170517_T73_V3,73,5,732x40
955,20170517_T73_V3,73,11,801x513
956,20170517_T73_V3,73,10,855x391
957,20170517_T73_V3,73,7,57x862
958,20170517_T73_V3,73,4,59x820
959,20170517_T73_V3,73,8,153x517
960,20170517_T73_V3,73,2,235x712
961,20170523_T78_V1.5,78,14,387x324
962,20170523_T78_V1.5,78,16,786x716
963,20170523_T78_V1.5,78,18,852x721
964,20170523_T78_V1.5,78,11,136x427
965,20170523_T78_V1.5,78,17,208x313
966,20170523_T78_V1.5,78,19,237x714
967,20170523_T78_V1.5,78,20,306x774
968,20170523_T78_V1.5,78,4,315x229
969,20170523_T78_V1.5,78,13,335x365
970,20170523_T78_V1.5,78,15,360x380
971,20170523_T78_V1.5,78,10,855x391
972,20170523_T78_V1.5,78,5,57x862
973,20170523_T78_V1.5,78,9,59x820
974,20170523_T78_V1.5,78,6,153x517
975,20170523_T78_V1.5,78,8,235x712
976,20170523_T78_V1.5,78,3,307x176
977,20170523_T78_V1.5,78,7,378x765
978,20170523_T78_V1.5,78,12,637x318
979,20170523_T78_V1.5,78,1,732x40
980,20170523_T78_V1.5,78,2,801x513
981,20170523_T79_V1,79,17,786x716
982,20170523_T79_V1,79,15,852x721
983,20170523_T79_V1,79,18,136x427
984,20170523_T79_V1,79,19,208x313
985,20170523_T79_V1,79,16,237x714
986,20170523_T79_V1,79,20,306x774
987,20170523_T79_V1,79,12,315x229
988,20170523_T79_V1,79,14,335x365
989,20170523_T79_V1,79,11,360x380
990,20170523_T79_V1,79,13,387x324
991,20170523_T79_V1,79,2,57x862
992,20170523_T79_V1,79,8,59x820
993,20170523_T79_V1,79,4,153x517
994,20170523_T79_V1,79,9,235x712
995,20170523_T79_V1,79,6,307x176
996,20170523_T79_V1,79,5,378x765
997,20170523_T79_V1,79,10,637x318
998,20170523_T79_V1,79,7,732x40
999,20170523_T79_V1,79,3,801x513
1000,20170523_T79_V1,79,1,855x391
1001,20170523_T82_V1.5,82,13,208x313
1002,20170523_T82_V1.5,82,17,237x714
1003,20170523_T82_V1.5,82,18,306x774
1004,20170523_T82_V1.5,82,4,315x229
1005,20170523_T82_V1.5,82,12,335x365
1006,20170523_T82_V1.5,82,20,360x380
1007,20170523_T82_V1.5,82,14,387x324
1008,20170523_T82_V1.5,82,16,786x716
1009,20170523_T82_V1.5,82,15,852x721
1010,20170523_T82_V1.5,82,19,136x427
1011,20170523_T82_V1.5,82,10,153x517
1012,20170523_T82_V1.5,82,5,235x712
1013,20170523_T82_V1.5,82,2,307x176
1014,20170523_T82_V1.5,82,8,378x765
1015,20170523_T82_V1.5,82,7,637x318
1016,20170523_T82_V1.5,82,9,732x40
1017,20170523_T82_V1.5,82,11,801x513
1018,20170523_T82_V1.5,82,6,855x391
1019,20170523_T82_V1.5,82,1,57x862
1020,20170523_T82_V1.5,82,3,59x820
1021,20170524_T75_V3,75,9,315x229
1022,20170524_T75_V3,75,14,335x365
1023,20170524_T75_V3,75,13,360x380
1024,20170524_T75_V3,75,18,387x324
1025,20170524_T75_V3,75,15,786x716
1026,20170524_T75_V3,75,16,852x721
1027,20170524_T75_V3,75,17,136x427
1028,20170524_T75_V3,75,20,208x313
1029,20170524_T75_V3,75,19,237x714
1030,20170524_T75_V3,75,12,306x774
1031,20170524_T75_V3,75,5,637x318
1032,20170524_T75_V3,75,8,732x40
1033,20170524_T75_V3,75,7,801x513
1034,20170524_T75_V3,75,10,855x391
1035,20170524_T75_V3,75,3,57x862
1036,20170524_T75_V3,75,6,59x820
1037,20170524_T75_V3,75,11,153x517
1038,20170524_T75_V3,75,2,235x712
1039,20170524_T75_V3,75,1,307x176
1040,20170524_T75_V3,75,4,378x765
1041,20170524_T82_V3.5,82,13,208x313
1042,20170524_T82_V3.5,82,16,237x714
1043,20170524_T82_V3.5,82,17,306x774
1044,20170524_T82_V3.5,82,5,315x229
1045,20170524_T82_V3.5,82,12,335x365
1046,20170524_T82_V3.5,82,20,360x380
1047,20170524_T82_V3.5,82,14,387x324
1048,20170524_T82_V3.5,82,15,786x716
1049,20170524_T82_V3.5,82,18,852x721
1050,20170524_T82_V3.5,82,19,136x427
1051,20170524_T82_V3.5,82,9,153x517
1052,20170524_T82_V3.5,82,6,235x712
1053,20170524_T82_V3.5,82,2,307x176
1054,20170524_T82_V3.5,82,8,378x765
1055,20170524_T82_V3.5,82,7,637x318
1056,20170524_T82_V3.5,82,10,732x40
1057,20170524_T82_V3.5,82,11,801x513
1058,20170524_T82_V3.5,82,4,855x391
1059,20170524_T82_V3.5,82,1,57x862
1060,20170524_T82_V3.5,82,3,59x820
1061,20170712_T84_V3.5,84,20,306x774
1062,20170712_T84_V3.5,84,15,315x229
1063,20170712_T84_V3.5,84,14,335x365
1064,20170712_T84_V3.5,84,13,360x380
1065,20170712_T84_V3.5,84,18,387x324
1066,20170712_T84_V3.5,84,19,786x716
1067,20170712_T84_V3.5,84,12,852x721
1068,20170712_T84_V3.5,84,17,136x427
1069,20170712_T84_V3.5,84,16,208x313
1070,20170712_T84_V3.5,84,11,237x714
1071,20170712_T84_V3.5,84,8,307x176
1072,20170712_T84_V3.5,84,3,378x765
1073,20170712_T84_V3.5,84,6,637x318
1074,20170712_T84_V3.5,84,7,732x40
1075,20170712_T84_V3.5,84,10,801x513
1076,20170712_T84_V3.5,84,5,855x391
1077,20170712_T84_V3.5,84,2,57x862
1078,20170712_T84_V3.5,84,4,59x820
1079,20170712_T84_V3.5,84,9,153x517
1080,20170712_T84_V3.5,84,1,235x712
1081,20170712_T85_V3,85,19,315x229
1082,20170712_T85_V3,85,16,335x365
1083,20170712_T85_V3,85,15,360x380
1084,20170712_T85_V3,85,20,387x324
1085,20170712_T85_V3,85,18,786x716
1086,20170712_T85_V3,85,17,852x721
1087,20170712_T85_V3,85,13,136x427
1088,20170712_T85_V3,85,12,208x313
1089,20170712_T85_V3,85,11,237x714
1090,20170712_T85_V3,85,14,306x774
1091,20170712_T85_V3,85,9,378x765
1092,20170712_T85_V3,85,8,637x318
1093,20170712_T85_V3,85,3,732x40
1094,20170712_T85_V3,85,6,801x513
1095,20170712_T85_V3,85,7,855x391
1096,20170712_T85_V3,85,2,57x862
1097,20170712_T85_V3,85,4,59x820
1098,20170712_T85_V3,85,10,153x517
1099,20170712_T85_V3,85,5,235x712
1100,20170712_T85_V3,85,1,307x176
1101,20170718_T98_V1.5,98,17,387x324
1102,20170718_T98_V1.5,98,15,786x716
1103,20170718_T98_V1.5,98,14,852x721
1104,20170718_T98_V1.5,98,16,136x427
1105,20170718_T98_V1.5,98,19,208x313
1106,20170718_T98_V1.5,98,18,237x714
1107,20170718_T98_V1.5,98,20,306x774
1108,20170718_T98_V1.5,98,11,315x229
1109,20170718_T98_V1.5,98,12,335x365
1110,20170718_T98_V1.5,98,10,360x380
1111,20170718_T98_V1.5,98,9,732x40
1112,20170718_T98_V1.5,98,3,801x513
1113,20170718_T98_V1.5,98,4,855x391
1114,20170718_T98_V1.5,98,6,57x862
1115,20170718_T98_V1.5,98,8,59x820
1116,20170718_T98_V1.5,98,13,153x517
1117,20170718_T98_V1.5,98,7,235x712
1118,20170718_T98_V1.5,98,5,307x176
1119,20170718_T98_V1.5,98,2,378x765
1120,20170718_T98_V1.5,98,1,637x318
